region,crop,1961,1962,1963,1964,1965,1966,1967,1968,1969,1970,1971,1972,1973,1974,1975,1976,1977,1978,1979,1980,1981,1982,1983,1984,1985,1986,1987,1988,1989,1990,1991,1992,1993,1994,1995,1996,1997,1998,1999,2000,2001,2002,2003,2004,2005,2006,2007,2008,2009,2010
Africa,Corn,15743495,16080674,16161501,16796402,16760403,16957537,17620462,17906962,17953590,17815343,18007636,18447889,17889424,18862090,19020565,19467117,18421334,18387016,18032426,18305286,18205081,18716571,19751663,19942464,20818347,23029420,23876383,24550656.5,24944116,25569241,25342091,25717297,26570126,27399266,25870952,26318045,26650502,25892852,25121548,25099440,24605921,25901599,28826127,28200929,29192700,28433158,27896898,29612666,30197069,31370066
Africa,FiberCrop,649189,651330,663574,675891,664475,667936,677671,686642,703325,682175,646994,662164,635103,652106,607080,537778,518992,527357,496470,524661,489988,457503,451886,431689,415985,426289,423103,398600,404833,410056,401222,367772,382520,364182,367270,376659,371448,364695,413399,377575,390755,390789,420866,355574,412866,385220,398577,414880,415397,413058
Africa,FodderGrass,0,0,0,0,0,0,0,0,0,0,0,0,0,0,0,0,0,0,0,0,0,0,0,0,0,0,0,0,0,0,0,0,0,0,0,0,0,0,0,0,0,0,0,0,0,0,0,0,0,0
Africa,FodderHerb,42119,49663,52550,53580,54100,55590,55910,59490,52360,56160,59620,69710,84170,72730,78360,90400,79500,72210,79450,104740,62890,65750,57400,55590,70080,86550,69880,91100,84330,71660,86485,97801,97280,122052,113839,108784,113482,127216,127967,144111,149874,119375,115177,148291,152785,142828,140253,163259,179188,150658
Africa,MiscCrop,20007022,21251106,23020252,23208674,23352744,23861742,25325042.5,25189566,26264601,27187842,27563089,26182223,27299221,27616261,27815343,27609236,26438840,26736246,26627656,26774284,27037012.5,27684199,28026127,28143211,30152427.5,30480261.5,30511066.5,31788038,32527921,33578282,34415155,37334751,36903037,36564489,38961886,39673667,40129600,43274500,42107734,41549493,43061251,44414202,45782104,45950420,47722719,49313395,49712095,51869425,49941961.17,51525758.14
Africa,OilCrop,9093484,9322705,10962542,10878441,10693540,10332845,10880785,11616681,10763369,12051981,12702689,13179386,13213542,12739081,13068116,11993348,12185028,12108696,11626040,11525134.33,11949085.33,11027080.33,11377831,11106601.33,10899415,11522104,11881499.33,12849601.67,12753272,12439734.67,12866049,14206495.67,14134991.67,15114031,15891040,17012525.67,16535348,16970192,18550396,18139924,18108561,18255628,19185506,20000551,20547113,20789539,19865180,22174789.4,22359659.6,22474688.3
Africa,OtherGrain,31535466,31932634,33731241,32598125,33870472,32281600,34807028,33213925,38146026,36097237,35759930,32508842,35267390,34623296,31927698,35351773,33287652,32672061,31124289,33322257,31885365,30516582,31756395,33770897,39242680,40562745,38178346,42120439,40973205,39583785,44055289,46095985,45011193,49776396,47725448,50792066,49966899,51245778,49019977,47951549,49618735,48826569,54419756,50210812,58559019,55742735,56602047,58027357,54590670,54717850
Africa,PalmFruit,3874820,3662770,3762800,3796050,3847840,3735111,3289043,3355550,3479325,3426375,3434725,3288285,3302633,3484685,3442437,3415008,3464142,3330437,3687658,3693359,3435266,3452231,3346357,3632396,3608792,3648501,3741880,3734783,3794714,3821481,4022433,4156100,4309413,4396369,4610115,4721230,4728934,4765359,4859050,4967181,5152095,5103855,5316158,5482284,5597404,5319448,5414789,5505605,5582416,5229410
Africa,Rice,2776898,3099578,3042008,3187304,3133330,3235822,3548387,3667191,3646513,3790938,3909812,3848668,3974546,4060236,4271794,4299686,4482554,4526421,4760259,4705868,4803619,4940008,4838990,4871221,4959781,5168521,5213577,5603794,6501519,6034413,6592711,6689928,6644376,6907534,6994436,7055839,7461499,7537377,7509021,7561781,7553085,7824460,7996704,8328834,8696381,9131574,8615815,9218329,9541854,9341164
Africa,Root_Tuber,8309028,8647862,8824638,8964220,9126432,9115943,9525905,9835946,10277688,11128129,11135299,11011840,11237824,11316843,11528660,11234561,10952968,11025045,10764746,10719493,11366271,11963472,11842733,12275517,12153674,12457094,12501547,12994673,13679136,14156248,15997793,16480790,16721370,17122976,17350000,17797748,17635437,19264421,20275872,20747654,21146837,21667649,22168378,23061008,23514814,23766038,23732002,23596494,23960695,23388470.2
Africa,SugarCrop,431282,450685,509120,528584,565458,618237,675427,693538,734529,741610,771357,793056,787980,831972,870150,923283,944434,962392,1002489,999369,1085195,1113425,1134803,1242417,1255848,1290007,1280911,1271088,1232502,1251597,1273980,1199451,1212414,1252766,1264150,1298938,1322929,1352226,1400124,1409428,1426104,1567191,1610060,1606512,1681665,1618783,1699710,1720851,1729056,1754771
Africa,Wheat,7386031,7449306,7999188,7840283,8166925,7364808,8218481,8850261,9006529,9283577,9231255,9698388,9253453,8951382,8808533,9206258,8542338,8372445,8437861,8118473,7866971,7981619,8030731,8033832,8350895,8242723,8465159,7611071,8604698,8567236,9308496,8026891,8000409,7957235,8087089,10871535,8268519,10082515,8505187,8142379,8948272,7984843,9725834,10329265,9955240,10015096,9224905,8605286,9991750,9531013
Africa,Cotton_Fiber,0,0,0,0,0,0,0,0,0,0,0,0,0,0,0,0,0,0,0,0,0,0,0,0,0,0,0,0,0,0,0,0,0,0,0,0,0,0,0,0,0,0,0,0,0,0,0,0,0,0
Africa,Cotton_Total,3828747,3823693,3841584,3961449,4301585,4350323,4342287,4282656,4587927,4804394,4795025,4823661,4840200,4289378,4139690,4005904,4070255,4421735,3724704,3610232,3251925,3284082,3437578,3621382,3524357,3558202,3601291,3755012,3627872,3752858,4039308,3771388,3312905,3399547,3655265,4411619,4850766,4608227,4553394,4104989,5025997,4982257,4843747,5316675,5359526,4501883,4226300,4003590,3445929,3595608
Australia_NZ,Corn,78894,89664,89531,92473,91627,84926,86751,89412,76445,91348,101285,96686,76810,63874,77431,77206,87342,77293,77966,79558,80331,85970,87573,91851,126898,109241,82794,79257,74111,76552,74509,77884,69500,68788,79222,88546,98944,87669,96861,111206,100993,106209,78226,94768,102239,106377,76302,96015,94701,85658
Australia_NZ,FiberCrop,1595,16999,17486,17312,16924,16989,16979,17364,17009,17000,16605,14200,14210,14210,12210,12210,12205,12216,10156,10008,8000,8000,6000,6000,6000,4000,4000,4000,4000,3822,3644,4300,4081,4500,4441,5000,5111,5500,5475,6000,5628,6200,6196,6153,6256,6200,6200,6200,6200,4600
Australia_NZ,FodderGrass,0,0,0,0,0,0,0,0,0,0,0,0,0,0,0,0,0,0,0,0,0,0,0,0,0,0,0,0,0,0,0,0,0,0,0,0,0,0,0,0,0,0,0,0,0,0,0,0,0,0
Australia_NZ,FodderHerb,405,405,405,405,405,405,405,405,809,800,809,600,800,950,805,630,608,397,475,492,567,1666,417,600,674,4249,3013,5147,9482,10368,36190,76941,36000,23000,34000,40000,40000,41000,62000,39000,60000,40000,64762,23267,31984,20000,25000,22571,23399,28200
Australia_NZ,MiscCrop,273680,274121,282761,281462,286705,289022,286554,302572,325952,332547,370437,370520,378584,432355,453968,431091,402068,399299,447949,472528,548967,615230,825331,1123408,1214740,1576291,1978642,1827997,1659878,1730408,2065540,2068020,2192991,2594843,2437264,2388312,2716791,2745846,2581749,2646442,2517617,2459646,2140938,2198352,2058574,2218831,2166775,2011798,1940719,2234716
Australia_NZ,OilCrop,56675,65473,84607,106641,64153,87976,102501,86850,119274,183616,268659,458861,354018,305985,359565,233770,310246,419652,470256,364583,323813,283859,340265,395496,580021,484397,391087,372428,366377,229065,420750,279077,349316,564608,602652,588646,925000,1438880,2210710,1722045,1479454,1466754,1331650,1549878,1136385,1242179,1392183,1845207,1869253,1846000
Australia_NZ,OtherGrain,2434862,2431676,2463333,2510549,2700830,3023876,2740107,3243127,3277163,4079048,4530510,3946988,3930316,3435439,4008855,3990145,4592894,4746471,4243348,4220151,4947378,4598035,5905507,5653687,5425450,4601963,4822027,4547430,4299179,4170114,4470304,4947514,5082244,4188417,5316458,5687165,5404899,5115832,4268229,5263594,5816257,6177687,6834225,6802038,6563322,6449738,7250522,7330931,6624379,5954614
Australia_NZ,PalmFruit,17700,17832,17802,18452,17892,17805,12393,17353,17785,17785,17795,15333,13345,12787,12800,9800,10200,10160,10260,10300,10350,10380,10100,9400,9450,9450,9050,9100,9100,9154,8940,9023,9414,9203,9234,10007,9613,10188,9939,9919,8817,8331,7515,7216,7653,8594,8723,8947,9035,9200
Australia_NZ,Rice,20000,20309,22229,24038,24935,26061,29835,30738,33696,40145,40721,40469,45100,67502,75562,74840,92038,91434,110230,116356,106000,127000,77000,119038,121800,106100,95900,105400,97000,105000,89000,127000,125000,132700,129200,149700,166700,141200,151700,133300,177000,144000,45837,66396,51216,99000,20000,2200,8000,18900
Australia_NZ,Root_Tuber,49796,50866,59072,54981,50626,53777,50059,54026,57909,55094,48907,50243,47726,44669,48750,45311,46131,48309,45157,47109,46220,47606,49121,50662,50646,47543.56,49318,52057,49625,51481,50275,50803,51460,52924,51251,54884,54126,59904,56572,57528,54590,51848,50201,50896,52514,51102,48199,53343,47914,53529
Australia_NZ,SugarCrop,156522,162515,168982,190356,203636,225408,223830,230053,212787,220522,233738,241700,225855,253143,256801,288187,295163,251701,267198,288278,315945,318484,307156,312635,303701,311001,307162,317001,313001,332001,341001,329001,328001,338001,365001,383001,401001,420001,414001,419001,403001,426001,448001,447645,433954,415001,408625,380544,391292,405001
Australia_NZ,Wheat,6033699,6740067,6758036,7334040,7162440,8507500,9174944,10971949,9615697,6586877,7235378,7710676,9055960,8374954,8612856,9060002,10051106,10339882,11239856,11369052,11966243,11591206,13001497,12146680,11753843,11226353,9087963,8877429,9041706,9256590,7218500,8310610,8422000,7932690,9270820,10984000,10497000,11591600,12390800,12193500,11578000,11212187,13109900,13438462,12495415,11835862,12618838,13572526,13841885,13561762
Australia_NZ,Cotton_Fiber,0,0,0,0,0,0,0,0,0,0,0,0,0,0,0,0,0,0,0,0,0,0,0,0,0,0,0,0,0,0,0,0,0,0,0,0,0,0,0,0,0,0,0,0,0,0,0,0,0,0
Australia_NZ,Cotton_Total,15000,11700,15300,15600,15300,22200,21500,31100,32500,31700,35100,40100,43600,41700,38500,29800,35300,41600,49800,75000,83600,103500,96500,137400,183100,177000,156000,244600,194100,239800,279000,312000,286000,294000,246000,303900,396100,438200,565100,464300,527300,409000,224500,198100,320900,335500,143600,62700,164000,208300
Canada,Corn,186912,204776,246586,293065,329891,358415,384540,423733,433300,530514,597479,568810,558483,619990,666275,739657,761984,878390,981018,1050533,1172907,1142022,1105725,1180912,1155652,1025282,1030909,1018504,1071101,1065895,1138511,890772,1043424,987051,1034129,1125538,1078938,1151625,1180983,1137338,1299977,1313485,1256723,1098600,1109475,1083247,1394772,1189880,1161417,1221751
Canada,FiberCrop,0,0,0,650,0,2650,0,1800,0,3900,4300,6600,12200,14850,16700,18800,22000,28800,22000,32000,32400,39000,43600,32800,48500,56500,57000,55000,35000,43500,36000,30500,27500,32500,44000,61000,59000,60500,56500,46000,49000,29150,28300,26600,35700,54150,32100,23000,24000,24000
Canada,FodderGrass,0,0,0,0,0,0,0,0,0,0,0,0,0,0,0,0,0,0,0,0,0,0,0,0,0,0,0,0,0,0,0,0,0,0,0,0,0,0,0,0,0,0,0,0,0,0,0,0,0,0
Canada,FodderHerb,0,0,0,0,0,0,0,0,0,0,0,0,0,0,0,0,0,0,0,0,0,0,0,0,0,0,0,0,0,0,0,0,0,0,0,0,0,0,0,0,0,0,0,0,0,0,0,0,0,0
Canada,MiscCrop,248163,244853,254934,266958,258678,284002,272071,267643,269834,268792,261546,259558,273832,300923,299612,274370,295990,315799,285412,344403,351712,392872,353908,377121,387858,475333,718183,634787,483734,489764,708363,771858,1056733,1329437,1408900,1090928,1456255,1763372,1792547,2530080.5,2774196.9,1885232.4,2068048.7,2314339.7,2473982,2284331,2536188,2630372,2786889,3038796
Canada,OilCrop,1280042,870710,1034537,1276158,1715335,1608740,1295059,1393885,2019230,3224856,3191505,2182435,2239498,2183658,2644630,1251675,2415254,3825486,4842664,3140660,2351000,2904600,3244000,4416500,4117900,3990000,3870800,4917000,4309700,4003958,4434535,4084195,5594100,7714600,7264500,5151200,7009900,7615900,7631200,6792300,5742800,5637400,6903100,6901893,7337126,7436196,8293996,8575893,8660061,8588000
Canada,OtherGrain,6578356,7310029,7176602,6381713,6870240,7257161,7259147,7542552,7834007,7979964,9690308,8666264,8652139,8345718,7968000,7685530,7789659,7050700,6212600,7088300,8109400,7850700,6766500,6791400,6856600,6938600,7087800,6306000,7170293,6420374,5603258,5488400,6062200,6237100,6151200,7214100,6722100,6527300,5990200,6248200,5860700,5181100,6384300,5700500,5358300,5203400,6221000,5340800,4224600,3540200
Canada,PalmFruit,0,0,0,0,0,0,0,0,0,0,0,0,0,0,0,0,0,0,0,0,0,0,0,0,0,0,0,0,0,0,0,0,0,0,0,0,0,0,0,0,0,0,0,0,0,0,0,0,0,0
Canada,Rice,0,0,0,0,0,0,0,0,0,0,0,0,0,0,0,0,0,0,0,0,0,0,0,0,0,0,0,0,0,0,0,0,0,0,0,0,0,0,0,0,0,0,0,0,0,0,0,0,0,0
Canada,Root_Tuber,125000,117265,116779,113218,120542,130052,124000,123699,124508,128798,109657,99782,106460,115363,106338,106800,112100,110770,113128,106910,110520,113393,113027,117480,113959,109256,113900,111000,114500,119700,118735,123793,124890,132900,144150,147300,152100,156376,156619,159240,166650,170900,180890,171712,156256,158198,158927,151393,146303,139905
Canada,SugarCrop,34368,34267,38535,40999,34407,32889,33712,32239,32061,27830,32818,31407,27777,27335,32166,32100,25600,24710,23760,26570,29290,28700,30900,27400,12000,23400,22600,20600,22600,24100,24875,22660,22260,25500,24700,23350,14160,18200,17400,16600,11700,10100,12100,14200,13400,15000,13800,6900,10900,11300
Canada,Wheat,10245000,10853000,11156000,12018000,11453000,12016000,12189300,11907900,10101400,5051780,7853500,8639800,9575010,8938000,9478740,11251700,10115400,10575100,10523100,11208400,12426600,12521000,13680500,13160900,13729000,14229400,13457700,12944300,13717500,14097500,14160900,13830300,12374000,10773000,11122700,12262000,11409900,10679700,10374800,10854800,10605500,8710500,10214500,9388900,9403800,9681800,8636300,10031700,9638200,8268700
Canada,Cotton_Fiber,0,0,0,0,0,0,0,0,0,0,0,0,0,0,0,0,0,0,0,0,0,0,0,0,0,0,0,0,0,0,0,0,0,0,0,0,0,0,0,0,0,0,0,0,0,0,0,0,0,0
Canada,Cotton_Total,0,0,0,0,0,0,0,0,0,0,0,0,0,0,0,0,0,0,0,0,0,0,0,0,0,0,0,0,0,0,0,0,0,0,0,0,0,0,0,0,0,0,0,0,0,0,0,0,0,0
China,Corn,16088280,13711089,16296960,16287015,16622515,17920411,16908386,16924741,16923240,16727900,17651576,17613446,17517128,18391829,19620817,20322013,20828952,21145472,21285629,21552605,20599850,19696510,19985032,19708693,18888936,20322786,21416439,20994383,21692263,22641469,22791155,22292959,21941217,22441804,24123252,25822265,25135885,26599921,27265393,24370022,25603669,26047011,25585808,27032246,28053736,28611466,31236791,31995954,33023914,34484280
China,FiberCrop,265037,276935,316178,344494,369098,452223,456505,439791,434432,429380,421259,455602,544729,582591,593613,627775,677540,718316,711557,642349,621290,539427,499294,595083,1330122,897801,1064502,830554,620433,545546,500151,483333,473612,420629,422159,395299,378900,269871,249022,295796,360252,380193,376239,348346,373878,320836,309974,264376,202597,178392.3
China,FodderGrass,0,0,0,0,0,0,0,0,0,0,0,0,0,0,0,0,0,0,0,0,0,0,0,0,0,0,0,0,0,0,0,0,0,0,0,0,0,0,0,0,0,0,0,0,0,0,0,0,0,0
China,FodderHerb,0,0,0,0,0,0,0,0,0,0,0,0,0,0,0,0,0,0,0,0,0,0,0,0,0,0,0,0,0,0,0,0,0,0,0,0,0,0,0,0,0,0,0,0,0,0,0,0,0,0
China,MiscCrop,18001832,18809743,16071920,15645891,15777162,15227477,15376554,15178624,14773273,14046178,13290493,13082681,13637628,13429686,13842200,14136620,14530301,14292717,14716393,14461172,15128612,15698993,15721463,16202337,17785689,19260561,20602026,21854783,22602437,21752385,20781983,21829101,25118247,26920131,28015460,29963608,31405832,31903081,33843225,36662693,38206721,39637091,40273618,41149514,42202274,42430744,43002977,43471765,44164512.8,44658216.4
China,OilCrop,14164882,13814979,14313918,15416084,14032843,13851130,13831716,13186370,13133416,12728812,12804108,13033716,12851608,12691121,12734395,12509745,12431251,13449751,14235723,14987989,17151779,17796479,16000657,16077323,19741247,20306219,20635514,19784629,19469024,19530537,19691205,19888422,21895060,22633545,22545611,21301119,21993928,22733850,23178446,25879002,25415228,24818109,25644563,25499232,25531477,23032001,21626354,23529389,24379921,24003338
China,OtherGrain,23087561,25521146,23961567,22145695,21302299,21822006,20649330,19497957,20085852,19656161,19341638,18826416,18529986,17308786,15688787,14364001,13616356,13445874,12566220,11341058,11320334,11087665,11413292,10773153,9488147,9087942,8888165,8725761,8360541,8179014,8828943,8736830,7762304,7362753,7119430,6858790,6520221,6032831,5708779,5715961,4971787,4857556,4371953,4026060,4009837,4051688,3791006,3651253,3426779,3373520
China,PalmFruit,42400,40000,40000,40000,40600,39200,38000,36000,34000,32500,33600,32000,31000,31000,30700,36604,51996,62140,71720,68600,82100,90500,100100,118600,201600,230686,270800,279600,272787,277709,278013,269499,272995,252035,243344,255839,244998,237013,239004,219484,219474,213185,208642,209461,208414,206727,210632,212871,213761,215909
China,Rice,34390821,35326155,35666397,38193438,38224838,38657769,38514109,38380755,38599067,40761261,42741753,42680803,42192144,42521826,42864875,43896472,43387042,42292994,41478878,42172670,41567002,41664092,41650488,41063103,40446984,40665666,40312396,40669366,41578055,42016767,41628502,41240150,39717957,39213437,40379079,41216662,41768590,41476770,41950140,40405960,39189019,38590607,37058364,38753065,39443500,39982510,39535916,40077342,40562390,40977472
China,Root_Tuber,12734550,13018846,11399937,12130065,11556393,12480554,11558078,11176486,11317806,11595925,11294395,12246931,12220695,11976342,11851813,11352276,12433233,13116823,12378765,11635124,11011434,10667803,10612925,10172320,9724743,9825284,9998011,10213375,10179089,10179209,10182868,10422507,10407352,10357636,10557596,10850950,10826160,11059437,11470931,11640296,11365337,11085744,10940676,10685638,10776946,9232335,9491846,9968077,10053284,10214151
China,SugarCrop,546915,383900,411482,583683,693428,700264,665952,630248,645281,710662,770003,873815,936226,914300,985099,1088600,1057872,1064422,1037065,1145314,1205866,1348882,1446966,1488554,1763659,1669785,1566564,1892100,1738362,1884577,2161230,2122397,1901576,1991408,2112776,2144364,1931910,1980168,1735973,1827534,1985635,2174395,2001482,1875928,1848169,1874376,2116501,2284017,2173095,2197600
China,Wheat,26002759,24556363,24277512,25910511,25221119,24411507,25789891,25141716,25638660,25928003,26083036,26715672,26834386,27444304,28045268,28794502,28473558,29684151,29828977,29684137,28773719,28444008,29580338,30123282,29786123,30174434,29356965,29365979,30450159,31377230,31567780,31112088,30821707,29498950,29299520,30010874,30444188,30146235,29176124,26890907,24913978,24179716,22268713,21864089,23023216,23159532,23917721,23840283,24614689,24579319
China,Cotton_Fiber,0,0,0,0,0,0,0,0,0,0,0,0,0,0,0,0,0,0,0,0,0,0,0,0,0,0,0,0,0,0,0,0,0,0,0,0,0,0,0,0,0,0,0,0,0,0,0,0,0,0
China,Cotton_Total,3917007,3533015,4443276,4969895,5038585,4954543,5124852,5014890,4863461,5019921,4943704,4916273,4961646,5031685,4972238,4947996,4871919,4891053,4529673,4936909,5202335,5850700,6100905,6946603,5170672,4336476,4873945,5557942,5228706,5613905,6572774,6871401,5014901,5559901,5457700,4755970,4525061,4502195,3765990,4078790,4856630,4237490,5157996,5740207,5106897,5855800,5957394,5779089,4980620,4877321.59
Eastern Europe,Corn,8286414,7866541,8115090,7959326,7952123,7914746,7849191,7892922,7775615,7518118,7797533,7932594,7694535,7470086,8017302,8118561,7945072,7468729,7928751,7607199,7411904,7075710,7190534,7396209,7312090,7261299,6995885,6780642,6994871,6472352,6752536,7623703,7069123,6969878,6809405,7159604,6928411,6962718,6881515,7019733,7000669,6773730,7239625,7389904,6586952,6446059,5932247,6492753,6156848,6091857
Eastern Europe,FiberCrop,336758,360636,342359,352362,331755,329056,342319,304092,280425,265520,266815,257042,238814,243967,250532,266463,238622,257758,265898,249054,226612,203487,211547,216493,223404,198150,182373,176512,187173,101353,60763,39758,18947,25661,30852,21379,12217,12330,12652,13929,13882,13171,11183.3,10937,13578,8230,4829,4645,4101,4213
Eastern Europe,FodderGrass,0,0,0,0,0,0,0,0,0,0,0,0,0,0,0,0,0,0,0,0,0,0,0,0,0,0,0,0,0,0,0,0,0,0,0,0,0,0,0,0,0,0,0,0,0,0,0,0,0,0
Eastern Europe,FodderHerb,215337,192737,184998,171018,175308,182902,150945,113032,103571,98687,84359,80122,66217,69842,60070,48127,47813,43165,45447,38372,42831,39657,40942,34190,32185,32036,29099,31855,32646,29815,29048,27679,23778,21193,21531,23653,22586,21825,20719,20933,22003,21248,19873,19305,21027,19326,21579,20645,22786,20370
Eastern Europe,MiscCrop,6735328,6686795,7309430,7316884,6864089,6048233,5677482,5288044,5018468,4828173,4666639,4597161,4351077,4435867,4369149,4289777,4086107,4011902,3774069,3840741,3817905,3796564,4040430,4022340,4932277,4933650,4832696,4934048,4991229,4369725,4343286,4365957,4161894,3950596,4007285,3896823,3833749,3887230,3808169,3688842,3572331,3345001,3640921.6,3658914,3451918.8,3493155,3539257,3458437,3479688,3294919
Eastern Europe,OilCrop,1652605,1719812,1697340,1745775,1781539,1798923,1925701,1997086,1847239,2081994,2221063,2055738,2155477,2138399,2138476,2319595,2372960,2463431,2470852,2650959,2622872,2488964,2486970,2714724,2922205,2973442,3031366,2982568,3176513,2725962,2673048,3023117,2744329,2776110,3459953,3306478,3040200,3653678,4397739,3570162,3319400,3592413,4251358,4003981,4263745.6,4677211,4638757,4996649,5037448,5284313
Eastern Europe,OtherGrain,12426744,11914444,11634414,11466010,11255288,11094327,10832922,10600761,10629648,10032259,10111473,10107341,9861061,9728667,9849283,9317236,9714992,9600384,10064203,9868561,10342911,10437715,9975927,9658174,9482883,9415811,9310649,9504483,9537254,9599774,10067518,9529672,9589182,9840994,9473739,9333108,9696187,9416893,9018170,8860751,9056864,8802561,8534759,8715720,8778518.7,8546192,8701792,8880436,8866912,8383900
Eastern Europe,PalmFruit,0,0,0,0,0,0,0,0,0,0,0,0,0,0,0,0,0,0,0,0,0,0,0,0,0,0,0,0,0,0,0,0,0,0,0,0,0,0,0,0,0,0,0,0,0,0,0,0,0,0
Eastern Europe,Rice,51613,46519,54429,59324,56611,60490,64411,69165,77860,81235,82197,80442,78594,79463,77831,78238,77194,74590,71321,64477,62319,62916,68374,75013,73739,80438,85028,88036,83690,74111,47915,34529,25257,12006,13009,18408,15235,12289,9432,12055,8936,8639,11363,12562,12944.6,15058,19663,20079,25699,30128
Eastern Europe,Root_Tuber,4264950,4332288,4328403,4279707,3929651,4082141,4057827,3993501,3923391,3924478,3833158,3770641,3761376,3776106,3625804,3475014,3464097,3351173,3402567,3256666,3187064,3109095,3138572,3056040,3010400,2923128,2818858,2776354,2795457,2707401,2551458,2503541,2525411,2435943,2279295,2087090,2024340,2025291,2004709,1976132,1872086,1486965,1406175,1279337,1162980,1156623,1097402,1075910,1013231,971898
Eastern Europe,SugarCrop,1129293,1123662,1104690,1201745,1164737,1143441,1087804,1037513,1037046,983384,994717,1047274,1125436,1134615,1279576,1318088,1324982,1311101,1239330,1209444,1302393,1309444,1245336,1275119,1234001,1179188,1201930,1118455,1171610,1106255,1073652,989713,827190,864565,870847,962190,879987,813132,710989,611372,607315,593825,585825,582590,575101,551175,507060,351142,390025,402296
Eastern Europe,Wheat,9438614,9734976,9567721,9990745,9489295,9751653,9796903,10205538,10302747,9651903,10015827,10116332,9641538,9897350,9300460,9658970,9409230,9581240,8560353,8997779,8374420,8802300,9234440,9402760,9424050,9729960,9776930,9958590,9822020,9852700,9844138,8131052,9703239,9974537,9912315,8742835,10051295,9727248,8249340,9206599,10390007,9544907,7748943,9155352,9104505,8339085,8375414,8707588,9113558,8756180
Eastern Europe,Cotton_Fiber,0,0,0,0,0,0,0,0,0,0,0,0,0,0,0,0,0,0,0,0,0,0,0,0,0,0,0,0,0,0,0,0,0,0,0,0,0,0,0,0,0,0,0,0,0,0,0,0,0,0
Eastern Europe,Cotton_Total,93671,86258,85356,78747,76994,80066,83386,77071,76942,77449,74217,69345,70358,73364,60577,59441,46517,44719,40600,34811,35706,34573,36335,33763,36757,35986,34620,35187,31216,21615,17440,15399,7562,9370,11818,13404,14937,11103,9266,10250,15340,6885,4142,3309,2198.6,2092,1798,1446,1235,1200
Former Soviet Union,Corn,7145000,7005000,6995000,5114000,3177000,3229000,3485000,3350000,4167000,3353000,3332000,4012000,3303000,3955000,2652000,3303000,3362000,2535000,2663300,2970400,3540600,4161000,3894000,3919000,4482000,4223000,4573000,4431000,4120000,2837000,2972000,2617447,2897592,1881300,2474165,2011825,3318292,2201218,2093285,2878686,2511125,2658729,3684923,4240953,3477603,3587153,4141039,5131496,4106101,4574081
Former Soviet Union,FiberCrop,1850000,1922000,1690000,1844000,1770000,1671000,1627000,1580000,1548000,1511000,1456000,1462000,1433000,1388000,1386000,1376000,1363000,1371000,1213000,1296600,1077000,1132000,1197000,1200000,1149000,1097000,1091000,1040000,946650,840907,678957,703562,549230,341076,414557,320095,248508,235953,210015,247785,272301,211231,224589,253044,223879,163532,169664,178695,155730,123285
Former Soviet Union,FodderGrass,0,0,0,0,0,0,0,0,0,0,0,0,0,0,0,0,0,0,0,0,0,0,0,0,0,0,0,0,0,0,0,0,0,0,0,0,0,0,0,0,0,0,0,0,0,0,0,0,0,0
Former Soviet Union,FodderHerb,1425000,1685000,1500000,1450000,1293000,1280000,1267000,1137000,1177000,1130000,975000,1133000,1101000,994000,1074000,820000,879000,800000,589000,499000,590000,551000,712000,828000,821000,917000,851000,737000,800000,730000,602000,406700,365470,337260,396300,394189,277931,318853,331472,278100,259700,294210,398208,425643,345555,356017,253081,242682,104790,104794
Former Soviet Union,MiscCrop,6747160,9528160,13426100,13477800,9939700,9085770,8833060,8628330,8777500,9616640,9773980,10400690,10747390,10546180,10463770,10042820,10052870,10128490,10193200,9890660,10835450,10346010,11184200,11631500,11364900,11442600,11329500,11414900,11019965,10154851,9646627,9047560,8579988,8474567,8127970,7360609,7029328.6,6329429,6319489,6213875,6303826,6414509.2,6409051,6248093.8,6278755,6171312,5843440,5539850,5798979,6063688
Former Soviet Union,OilCrop,7246300,7782964,7577914,7927520,8124205,8106250,7823300,7858400,7683500,7610000,7388300,7341340,7605830,7476420,6803901,7174900,7244940,7213010,6893200,6994600,6675000,6846400,6909700,6329965,6482900,6235443,6867100,7144100,7157840,7157669,6656836,7021506.74,6717134.9,6865807,8524144.1,8012202,6845353,7770082,9965463,9279080,7780254.9,8547419.6,11420544,11261535,12511424,14230611,12998373,15728236,15519941,17029560
Former Soviet Union,OtherGrain,47705000,46911100,47399100,49486100,47665700,45444500,45920000,45527000,46595000,45258000,45004000,51351000,53033000,57235000,57113000,59352000,59212000,57394000,60270400,56692000,56458500,55773000,59336000,57242000,55998000,56181700,56874000,55201000,52327700,52277767,53382736,52984834,53319967,50431010,44100276,38803854,36859052,27290392,27559110,30225024,31666498,29406257,27760382,28654997,26764633,28516012,26635673,28292504,26008687,19827024.9
Former Soviet Union,PalmFruit,0,0,0,0,0,0,0,0,0,0,0,0,0,0,0,0,0,0,0,0,0,0,0,0,0,0,0,0,0,0,0,0,0,0,0,0,0,0,0,0,0,0,0,0,0,0,0,0,0,0
Former Soviet Union,Rice,118000,119000,147000,191000,217000,248000,281000,312000,328000,350000,390000,421000,462000,495000,500000,524000,546000,580000,610000,666000,634000,648000,651100,687800,671200,620700,657000,671000,656300,614000,599400,629546,628100,540200,463463,503230,497897,423102,478129,499022,329424,348960,438497,361517,377576,405025,392541,358498,396249,473094
Former Soviet Union,Root_Tuber,8878000,8686000,8498000,8518000,8612000,8392000,8331000,8301000,8100000,8064000,7894000,7960000,8017000,7983000,7912000,7087000,7067000,7042000,6959000,6929000,6843000,6858000,6882000,6830000,6461000,6373000,6239000,6239000,6008000,5829710,6014800,6584482,6550958,6259757,6249351,6342225,6293364,6133065,6107175,6219259,6133002,5990345,5971373,5872384,5713787,5475519,5346025,4532052,4596687,4508994
Former Soviet Union,SugarCrop,3120000,3166000,3748000,4107000,3882000,3803000,3797000,3560000,3384000,3368000,3321000,3486000,3553000,3610000,3666000,3754000,3761000,3763000,3739000,3682000,3618000,3526000,3491000,3463000,3418000,3399000,3404000,3370000,3344760,3285500,3166000,3209476,3123715,2824040,2768597,2546565,1955811,1822551,1967778,1728559,1808703,1693269,1746556,1712386,1600711,1966070,1761428,1346201,1260611,1600540
Former Soviet Union,Wheat,63000000,67411000,64609000,67887000,70205000,69958000,67026000,67231000,65230000,65230000,64035000,58492000,63155000,59676000,61985000,59500000,62030000,62898000,57662000,61450000,59204000,57278000,50823000,51061000,50265000,48728000,46684000,48058000,47675000,48178000,45874000,47013553,46281300,41890712,42041428,44127656,46159492,39456909,39186223,41510206,45392115,47969988,38765246,45351292,48367569,45567650,47044789,51442467,53515712,46715331
Former Soviet Union,Cotton_Fiber,0,0,0,0,0,0,0,0,0,0,0,0,0,0,0,0,0,0,0,0,0,0,0,0,0,0,0,0,0,0,0,0,0,0,0,0,0,0,0,0,0,0,0,0,0,0,0,0,0,0
Former Soviet Union,Cotton_Total,2335000,2387000,2480000,2461000,2442000,2463000,2442000,2445000,2540000,2746000,2770000,2735000,2742000,2880000,2924000,2949000,2992000,3038000,3090000,3147000,3164000,3188000,3192000,3340700,3316000,3475000,3527000,3340000,3376200,3171000,3008600,2885180,2903000,2731400,2720800,2582341,2651350,2660698,2583427,2544372,2529771,2469108,2460834,2618779,2719368,2648352,2653096,2514630,2267961,2323103
India,Corn,4507000,4643000,4582000,4618000,4799000,5073800,5583400,5715800,5862200,5852300,5667600,5837800,6015400,5863100,6030700,6000300,5682700,5760000,5720600,6004800,5934700,5720300,5859000,5799500,5797200,5923100,5560900,5896700,5915100,5904300,5859400,5962500,5995000,6135800,5979000,6300000,6321000,6203700,6422100,6611300,6581500,6635200,7343400,7430400,7588300,7894000,8117300,8170000,8330000,7180000
India,FiberCrop,1546515,1459000,1554000,1409100,1284400,1298500,1374700,972500,1254000,1241700,1252200,1121500,1299100,1126000,1060200,1223500,1283500,1391000,1353000,1428800,1280600,1128500,1154800,1228500,1595900,1164200,1039600,997400,982100,1088800,1177000,990300,948900,991500,986300,1100000,1096000,1025400,1032800,1016600,1062800,1038600,1019800,926400,901600,928900,960000,900000,920000,880000
India,FodderGrass,0,0,0,0,0,0,0,0,0,0,0,0,0,0,0,0,0,0,0,0,0,0,0,0,0,0,0,0,0,0,0,0,0,0,0,0,0,0,0,0,0,0,0,0,0,0,0,0,0,0
India,FodderHerb,0,0,0,0,0,0,0,0,0,0,0,0,0,0,0,0,0,0,0,0,0,0,0,0,0,0,0,0,0,0,0,0,0,0,0,0,0,0,0,0,0,0,0,0,0,0,0,0,0,0
India,MiscCrop,30195958,30985739,31306479,31597062,30826406,29756917,30060539,30156166,29157691,30497401,30632519,30486975,30627759,31785376,31165185,32677036,32510376,33151671,32902790,32757426,32211021,33663720,33986392,34266235,33853626,35091934,33744715,32967540,34397032,34376555,36028134,34043672,34675387,33929820,35969575,35747331,35371351,35679950,35672306,33085348,33084109,35563135,37638847,37506674,37183871,39301938,41947349,40493817,38712845,45092670
India,OilCrop,15227000,16385000,15764000,16307000,16569000,16087300,16120700,15905600,15494800,16391600,16805400,16598600,16261000,17130600,17189600,16897200,16566600,17669700,17461300,16914200,18445900,18710300,18510100,18815500,19005300,19173700,19075900,21872200,22712400,23376600,25650100,25354400,26683600,25542400,25694000,26110300,25740300,26603200,24882600,24274100,22056700,22006700,22689300,25600700,27864700,26876000,27708000,27164842,26770000,24750600
India,OtherGrain,40111000,39944000,39590000,39727000,39586000,39833000,41203200,41142600,41372000,40307500,38007200,36379300,40024900,37054200,37850500,36499900,36836800,36642100,35697200,35739000,36586400,34957000,35942800,33545300,33557300,33962000,31075200,32847500,31864600,30443700,27568200,28500100,26943600,26087100,24971800,25589000,24489300,23202100,22986300,23593100,23059000,20314900,23471500,21873900,21888200,21049200,20811700,20364200,18710000,19560000
India,PalmFruit,723000,793000,798000,848000,884000,893000,923900,988100,1033300,1045600,1088400,1099200,1102000,1116300,1069900,1074500,1056500,1055000,1075800,1083300,1090800,1149200,1165600,1183300,1225600,1231200,1346000,1425500,1472200,1475000,1529000,1537700,1635100,1713800,1833000,1891000,1861000,1754500,1768100,1770000,1840000,1930000,1921800,1933700,1935000,1946800,1940000,1903200,1895200,1895900
India,Rice,34694000,35695000,35809000,36462000,35470000,35251000,36437400,36966300,37680300,37591700,37757800,36687800,38285000,37888400,39475400,38511100,40282600,40482200,39414300,40151500,40708400,38262000,41244000,41158800,41137200,41166700,38806300,41735800,42166900,42686600,42648700,41775000,42539000,42814000,42800000,43400000,43469800,44802300,45160000,44712000,44900000,41176100,42592500,41906700,43659800,43810000,43910000,45540000,41920000,42560000
India,Root_Tuber,812000,768000,793000,789000,824000,929000,969300,1071500,1124845,1063600,1033100,1037600,1066800,1130600,1205500,1265700,1239600,1261600,1388500,1244300,1261300,1310500,1253300,1329400,1346500,1293700,1275100,1315600,1339400,1338700,1335500,1522500,1616300,1436800,1445700,1478200,1634800,1593800,1658000,1678400,1578800,1630300,1676100,1837800,1901900,1936600,2121000,2189000,2232800,2186100
India,SugarCrop,2413000,2456000,2242000,2249000,2602900,2836000,2301000,2047000,2532200,2748000,2615000,2390400,2451600,2752100,2894200,2762200,2866200,3151100,3087800,2610200,2666600,3193300,3357600,3109700,2953200,2862000,3078700,3278600,3328900,3439000,3686000,3840000,3570000,3420000,3870000,4150000,4174100,3929800,4054900,4219700,4315700,4411600,4520300,3938400,3661500,4201100,5150000,5055200,4420000,4170000
India,Wheat,12927000,13570000,13590000,13499000,13422000,12572000,12838000,14998200,15958100,16625500,18240500,19138900,19463600,18583000,18010300,20453800,20921500,21455700,22641200,22171700,22278800,22144400,23567400,24672000,23564900,22997400,23131200,23062700,24109100,23501900,24167100,23261900,24588900,25147300,25700000,25011000,25887100,26696100,27523300,27486000,25730600,26344700,25195700,26594700,26382900,26483600,27994500,28038600,27750000,28460000
India,Cotton_Fiber,0,0,0,0,0,0,0,0,0,0,0,0,0,0,0,0,0,0,0,0,0,0,0,0,0,0,0,0,0,0,0,0,0,0,0,0,0,0,0,0,0,0,0,0,0,0,0,0,0,0
India,Cotton_Total,7719000,7845000,8160000,8268000,7943000,7834000,8215000,7649000,7712000,7608000,7800000,7679000,7574000,7559000,7458000,6885000,7866000,8120000,8077000,7820000,8057400,7870700,7721000,7382100,7532700,6948000,6459300,7342600,7694800,7439600,7661400,7542000,7321000,7871000,9035000,9121000,8868000,9342400,8709700,8576500,9100000,7669700,7597900,8786600,8677100,9142000,9410000,9410000,10310000,11000000
Japan,Corn,69600,68800,64100,61400,56000,52400,47400,42400,39300,39200,37200,34000,33100,32840,32610,31500,32290,32900,30630,32160,36100,37810,38383,38644,37034,37402,39920,39632,39612,39517,39409,37978,37500,36169,33420,31102,32109,31094,30075,29073,28668,28365,27764,26960,25962,25467,25659,25858,25565,25270
Japan,FiberCrop,15240,14450,10850,10180,6918,4000,1990,1355,1350,1250,1250,1020,1020,970,790,740,740,510,510,280,280,140,140,41,29,28,31,35,35,35,0,0,0,0,0,0,0,0,0,0,0,0,0,0,0,0,0,0,0,0
Japan,FodderGrass,0,0,0,0,0,0,0,0,0,0,0,0,0,0,0,0,0,0,0,0,0,0,0,0,0,0,0,0,0,0,0,0,0,0,0,0,0,0,0,0,0,0,0,0,0,0,0,0,0,0
Japan,FodderHerb,0,0,0,0,0,0,0,0,0,0,0,0,0,0,0,0,0,0,0,0,0,0,0,0,0,0,0,0,0,0,0,0,0,0,0,0,0,0,0,0,0,0,0,0,0,0,0,0,0,0
Japan,MiscCrop,1211580,1267430,1294740,1320320,1336630,1376840,1350430,1332190,1301320,1309410,1304627,1294840,1258170,1228110,1202810,1185754,1178219,1151871,1144097,1141016,1135676,1136202,1129038,1121641,1097109,1081193,1075181,1057471,1028438,1010624,984744,963873,944482,922369,898866,883296,857606,841637,834917,817664,801550,781726,788920,769195,765420,735104,725422,720154,718315,696000
Japan,OilCrop,570470,524230,452870,414230,347500,309010,263240,223310,192490,175900,172160,152410,144500,144680,132310,124940,117940,164890,167100,178320,183310,179890,175580,165127,162327,164449,187021,184680,172010,165425,158815,126927,103553,76300,82951,95493,96200,121400,120200,133722,155044,160734,162364,146823,143885,151526,147435,155777,154100,146210
Japan,OtherGrain,864680,776030,711300,610330,538513,489510,437940,392600,345720,277820,218200,171210,130710,120710,111700,105650,103550,132768,145622,153922,151160,151564,149372,140040,135102,130337,138418,143106,142412,136777,125360,110103,101340,84084,82948,85156,86830,90860,90612,92026,103634,107183,108391,104621,100782,99914,100822,104415,103773,106800
Japan,PalmFruit,0,0,0,0,0,0,0,0,0,0,0,0,0,0,0,0,0,0,0,0,0,0,0,0,0,0,0,0,0,0,0,0,0,0,0,0,0,0,0,0,0,0,0,0,0,0,0,0,0,0
Japan,Rice,3312000,3295000,3276000,3264000,3258500,3258000,3267000,3284000,3279000,2927000,2698000,2643000,2622000,2724000,2764000,2779000,2757000,2548000,2497000,2377000,2278000,2257000,2273000,2315000,2342000,2303000,2146000,2110000,2097000,2074000,2049000,2106000,2139000,2212000,2118000,1977000,1953000,1801000,1788000,1770000,1706000,1688000,1665000,1701000,1706000,1688000,1673000,1627000,1624000,1628000
Japan,Root_Tuber,601630,594300,574690,570260,521590,492810,450010,425490,382890,341820,318990,297020,270260,250240,251560,246610,239160,238740,234520,233990,233210,236010,235560,238470,239180,237890,234580,230530,223380,217790,211660,206020,202550,192140,189470,186460,182170,180110,176880,170340,166430,162900,157750,156150,155620,154470,151610,151660,149570,147300
Japan,SugarCrop,69300,78600,80400,88500,104100,103900,100700,96000,100700,94100,88400,91600,91600,77500,78700,74300,81900,91900,94100,98600,108800,103600,108200,110300,108200,106900,106400,105779,105513,104753,102000,98300,96000,94600,94100,93500,91000,92600,92800,92300,88800,90400,91900,91200,88800,89100,88700,88200,87500,85829
Japan,Wheat,648700,642000,583700,508200,475900,421200,366600,322400,286500,229200,166300,113700,74900,82800,89600,89100,86000,112000,149000,191100,224400,227800,229400,231900,234000,245500,271100,282000,283800,260400,238700,214500,183600,151900,151300,158500,157500,162200,168800,183000,196900,206900,212200,212600,213500,218300,209700,208800,208300,206900
Japan,Cotton_Fiber,0,0,0,0,0,0,0,0,0,0,0,0,0,0,0,0,0,0,0,0,0,0,0,0,0,0,0,0,0,0,0,0,0,0,0,0,0,0,0,0,0,0,0,0,0,0,0,0,0,0
Japan,Cotton_Total,0,0,0,0,0,0,0,0,0,0,0,0,0,0,0,0,0,0,0,0,0,0,0,0,0,0,0,0,0,0,0,0,0,0,0,0,0,0,0,0,0,0,0,0,0,0,0,0,0,0
Korea,Corn,23809,25804,31478,42891,49399,42391,49986,42119,44339,46618,39863,35343,36172,35165,31589,30054,30186,30863,32486,35322,33161,28414,27252,30040,26136,23645,26270,22060,24727,25987,21874,21000,19622,21667,17541,17908,21097,20140,20134,15808,14208,17344,16966,18218,15176,13661,16981,18366,15326,15528
Korea,FiberCrop,8767,9197,8809,8146,9658,10184,10369,7955,8354,7010,5319,4425,4107,3501,3445,1211,1029,710,690,850,920,900,890,800,770,600,825,1051,811,705,355,300,247,180,200,200,230,150,160,140,130,120,14,17,55,17,13,11,6,6
Korea,FodderGrass,0,0,0,0,0,0,0,0,0,0,0,0,0,0,0,0,0,0,0,0,0,0,0,0,0,0,0,0,0,0,0,0,0,0,0,0,0,0,0,0,0,0,0,0,0,0,0,0,0,0
Korea,FodderHerb,0,0,0,0,0,0,0,0,0,0,0,0,0,0,0,0,0,0,0,0,0,0,0,0,0,0,0,0,0,0,0,0,0,0,0,0,0,0,0,0,0,0,0,0,0,0,0,0,0,0
Korea,MiscCrop,284624,295932,284853,325094,362913,381084,417329,446095,497861,556049,539615,544818,559557,602985,512391,582946,638533,622522,675179,694280,693113,671635,619246,615939,627940,679843,643545,650158,625222,614931,634063,646376,666091,680218,721475,718698,688720,677598,691561,709558,684558,626398,609839,607888,563262,562231,542066,541045,530458,510347
Korea,OilCrop,310560,320178,313812,313661,343811,316496,359039,363796,371021,364952,349836,349206,378659,373148,380093,367363,364458,367605,320113,285592,285174,290956,302136,305029,273165,273224,313664,281352,282379,263183,231045,212440,216106,205568,205383,179608,187134,193877,174024,166956,157192,157600,149392,146083,167675,151616,140034,135210,140381,138833
Korea,OtherGrain,845905,866242,907700,944341,1004737,906261,904527,953466,866720,813372,741548,764782,724848,755045,758942,751958,553746,582324,492909,349897,372087,348511,344792,354426,252965,208799,226216,209001,188837,170358,138616,115021,124500,94819,100383,104661,78737,93367,83461,76388,99856,91228,72980,72068,71679,67658,63988,61780,56972,50249
Korea,PalmFruit,0,0,0,0,0,0,0,0,0,0,0,0,0,0,0,0,0,0,0,0,0,0,0,0,0,0,0,0,0,0,0,0,0,0,0,0,0,0,0,0,0,0,0,0,0,0,0,0,0,0
Korea,Rice,1128000,1139000,1155000,1195000,1228000,1231000,1235000,1151000,1220000,1203000,1190000,1191000,1181720,1204520,1218000,1214900,1230040,1229750,1233230,1233040,1223890,1188070,1228480,1230860,1236770,1235930,1262320,1260130,1256660,1244340,1208460,1157000,1135000,1103000,1055340,1048990,1051660,1056480,1066200,1072360,1083130,1053190,1016030,1001160,979717,955229,950250,935766,924471,892074
Korea,Root_Tuber,109393,124446,136634,179490,212703,208370,194905,196577,191587,180514,163431,147644,138400,123549,146547,136418,127651,112883,95074,92520,91118,80646,72378,62547,64590,55501,47376,46178,53642,40060,38436,50278,41172,36411,39849,47808,40771,39385,47766,45564,37409,39400,34380,41711,49906,40625,41514,39991,42314,44113
Korea,SugarCrop,0,0,0,0,0,0,0,0,0,0,0,0,0,0,0,0,0,0,0,0,0,0,0,0,0,0,0,0,0,0,0,0,0,0,0,0,0,0,0,0,0,0,0,0,0,0,0,0,0,0
Korea,Wheat,75915,81621,83941,89543,92930,93758,92955,96505,93733,96740,86649,62735,43218,36477,43710,36721,26515,17091,13090,27868,19692,19656,26446,6411,3070,1547,1235,753,364,294,178,164,547,582,2312,2787,1838,1372,1533,919,915,1808,3281,3792,2395,1738,1928,2549,5067,12548
Korea,Cotton_Fiber,0,0,0,0,0,0,0,0,0,0,0,0,0,0,0,0,0,0,0,0,0,0,0,0,0,0,0,0,0,0,0,0,0,0,0,0,0,0,0,0,0,0,0,0,0,0,0,0,0,0
Korea,Cotton_Total,48133,52289,25122,22978,19065,18671,17309,16443,16837,16010,13786,13031,13532,10548,6142,6648,6107,6532,8163,8664,4808,3802,3386,2550,1894,1067,606,642,600,550,500,400,0,0,0,0,0,0,0,0,0,0,0,0,0,0,0,0,0,0
Latin America,Corn,19972554,20645738,21691377,22960323,24121518,24818915,25187115,25304287,24932844,25909198,26948088,25434221,25226992,25120750,24902571,25079079,26406837,25498615,23895459,24968181,26854223,25544582,25015407,26142543,27061639,26972896,28232758,27026518,25860505,24964580,26830505,27798593,26681443,29198517,29334536,27410812,28317411,26265599,25974011,26763208,28020499,26182929,27900970,27673279,26381954,28164180,29856304,31187976,28299533.5,28761181.3
Latin America,FiberCrop,540795,564075,599959,683182,713143,704195,705889,681535,680227,664485,636746,698627,687027,683093,748988,717857,693195,635071,645510,652057,691519,672369,628292,648051,639869,629944,573710,524565,520640,469102,517747,501723,386320,376507,352828,335454,344036,348423,355831,368317,367192,347419,369833,385722,406489,447879,446855,441376,422408,401609
Latin America,FodderGrass,0,0,0,0,0,0,0,0,0,0,0,0,0,0,0,0,0,0,0,0,0,0,0,0,0,0,0,0,0,0,0,0,0,0,0,0,0,0,0,0,0,0,0,0,0,0,0,0,0,0
Latin America,FodderHerb,0,0,0,0,0,0,0,0,0,0,0,0,0,0,0,0,0,0,0,10021,10844,10553,7151,0,7540,5536,8784,7489,7045,6726,8203,5636,7886,7729,6887,9210,7192,8387,8793,9329,9342,7394,8876,7851,7802,8670,8125,8266,8089,8637
Latin America,MiscCrop,18055176,18457663,18757663,18910474,19079641,18978719,18952075,18665936,18407962,18451659,19490885,19217346,19183372,19623590,19869927,18247184,20418944,21024837,20510305,21989893,23140936,23127212,21868577,23192066,24176462,24877024,25116792,26168590,25279455,26007148,27015558,26199896,25183873,26916199,26094960,25677093,25568059,25114969,25964125,26069102,25541359.5,26562278,26623035.45,26274533.5,25966465,26821171,26532825.5,26482644.7,26728801.48,26382230.68
Latin America,OilCrop,4236357,4926005,4670666,4718885,5146463,5254646,5402529,4998817,5632331,6371410,7029808,7099671,8632372,10183080,10790758,11224480,12531907,15059047,15830101,17033149,15467810,15585587,16116774,18110798,19781982,19389479,18455434,20593814,22405412,23056026,20133624,20050462,20406959,22102338,23360753,22504112,24190587,27168249,29067787,29378197,30048848,33491262,37147855,42489621,44116477,44502367.1,44575299,45908254.6,46717742.34,49634268.17
Latin America,OtherGrain,4823174,3900760,5011418,5066043,4177752,4892572,5195261,5724546,5633393,6114800,6615998,6348743,7249989,6771548,6818503,6804879,7443533,7528364,6705481,5937834,6887022,6983180,7283186,7300229,6986592,5986815,6346911,6114492,5655463,5668731,5562484,5453302,4685323,4603245,4646092,5698296,5733399,5731353,5716266,6010218,6065193,5532471,6280207,6321985,5818140.5,5770424,5898862,6328931.5,5714942.5,6387136.26
Latin America,PalmFruit,412469,423698,450166,458873,482135,537706,591819,566817,549356,538305,577723,571050,538441,518634,508423,527981,541511,544405,553150,559109,558541,611239,604395,613058,680080,734354,763556,838488,797838,860533,923551,971950,965904,1005132,1008082,1019875,1032468,1024591,1066164,1116755,1147776,1192244,1194952,1241778,1263070,1316277,1352258,1397938,1389365.4,1480787
Latin America,Rice,4505776,4780798,5066072,5632744,6131083,5543889,5833277,5988028,6183119,6628917,6326172,6052835,6456342,6503115,7355986,8524459,7959024,7550764,7489638,8206474,8255492,8238063,7106970,7539010,6988428,7650085,8190765,8137346,7585259,6175609,6296399,7046335,6688086,6912215,6930801,5934756,5703418,5699032,6696016,6377376,5816887,5750423,5894927,6566863,6705431,5695759,5577347,5696085,6035089,5806623.4
Latin America,Root_Tuber,3295948,3407688,3618600,3826448,3914153,3910854,4102513,4209240,4328562,4333154,4428531,4374300,4346353,4315463,4341221,4394622,4486681,4500558,4448510,4253300,4381331,4374693,4180318,4037461,4081563,4262829,4212988,4103160,4186405,4172637,4161451,4023128,4104081,4184502,4349948,3857795,3942187,4033782.3,4042651,4023105.9,4029947.3,4050728.7,4043812.9,4363565,4382000,4334909.1,4420158.5,4229563.3,4228507.38,4353266.82
Latin America,SugarCrop,4278654,4279025,4267611,4345925,4620016,4493998,4549730,4591719,4512886,5161394,5029056,5054075,5186619,5383454,5308626,5590392,5665161,5927639,6158952,6315071,6364341,6676947,6891424,7281126,7517730,7642287,8067267,7745116,7693690,7974171,8005985,8025982,7464733,7994667,8212127,8594267,8595268,8662151,8394542,8386142,8467826,8683294,8560621,8879898,8959188,9409698,10073611,11194833,11776557,12255262.4
Latin America,Wheat,8001951,6925428,8882970,9444028,7942252,8269884,8774711,9274817,9093909,7960112,8650860,9253072,7613230,8867664,10498938,12821428,9315031,9572291,10547091,10075562,9880010,12221342,10827890,9788533,10418936,11240428,10546684,10369046,11063769,10673991,8700432,8254285,8284892,8609739,7939826,10952486,9282990,8794372,9145430,9246549,10443336,10022930,10103119,10688314,9190818,8975352,9534212,8970431,8272113,8819444
Latin America,Cotton_Fiber,0,0,0,0,0,0,0,0,0,0,0,0,0,0,0,0,0,0,0,0,0,0,0,0,0,0,0,0,0,0,0,0,0,0,0,0,0,0,0,0,0,0,0,0,0,0,0,0,0,0
Latin America,Cotton_Total,4016529,4366029,4435574,4532686,4586915,4211726,5509770,5674782,5945525,5933529,5994295,5935403,6161709,5751035,5684803,4983987,6273043,6216739,5860264,5614133,5113914,4967230,4169689,4690381,5290636,4690677,3254111,4340287,3797761,3723923,3624536,3401106,1937940,2487670,2796387,2696772,2112084,2384107,1851421,1662013,1882001,1370554,1324925,2119121,2312491,1852317,2024393,1773757,1313132,1496114.8
Middle East,Corn,90989,92032,91401,92412,94184,94834,97928,98375,98884,101401,113452,102740,113550,117539,129882,160889,172435,173410,167796,160850,145221,130150,164730,140545,128759,143338,146706,162448,190473,217627,254215,287669,311085,251770,294276,271318,299101,326193,344038,357425,373613,405007,444430,575426,571560,574044,596378.7,517083,454838,479925
Middle East,FiberCrop,9530,7338,5275,4399,6354,10500,4300,6387,6384,4687,2517,3339,3069,3005,2751,2429,2315,1873,1335,1000,400,200,170,140,130,38,22,25,25,24,27,25,10,0,0,0,0,0,0,0,0,0,0,0,0,0,0,0,0,0
Middle East,FodderGrass,0,0,0,0,0,0,0,0,0,0,0,0,0,0,0,0,0,0,0,0,0,0,0,0,0,0,0,0,0,0,0,0,0,0,0,0,0,0,0,0,0,0,0,0,0,0,0,0,0,0
Middle East,FodderHerb,66605,86170,78060,87949,106140,73380,68611,65203,77395,69598,79956,78757,91906,87757,70927,96966,97184,89841,65829,71862,65283,50922,69900,55244,65068,51808,59320,70951,54513,52787,40936,51359,42425,39996,44514,36566,43064,63383,41101,45544,56900,53841,44819,41709,44188,45080,39100,36668,25590,25465
Middle East,MiscCrop,1797480.86,1924405,1950018.43,2062232.43,2132023.43,2053074.71,2184523.71,2202685,2262645.47,2236937.33,2299004.18,2435257.73,2460432.68,2651435.19,2656930.62,2827374.9,2904481.38,2959024.01,2835687.51,3134176.15,3260706.99,3309361.53,3527054.1,3492930.58,4006409.25,4076996.92,4064124.71,3969430.65,4168978.78,4286968.14,4523458.54,5011427.68,4993765.81,4913975.93,5232352.07,5701293.9,5443658.62,5663266.04,5513700.97,5689974.35,5951568.35,6075756.63,5918794.83,6137050.27,6263386.07,6268802.1,6365433.8,5508093,5677385,5545438
Middle East,OilCrop,282441,214713,282260,322104,335497,344868,369341,330366,373336,373300,374234,427031,446668,481416,491535,551996,510793,527304,535368,538849,553182,556371,564616,589555,619704,627783,634481,679380,711698,840487,803863,845237,844451,918748,899613,993113,1059443,1060842,1033485,1083424,1102967,1104572,1181990,1257477,1324164,1323265,1363293.9,1386223.3,1394231.3,1404411
Middle East,OtherGrain,4432909,4531337,4449501,4330677,4716678,4417033,4685007,4664721,4442366,4689030,4009241,4055285,3965962,3954231,4695447,4708654,4167812,4149367,4385286,4876601,5708341,5551282,5699821,4917646,5715046,5886662,5716672,6561138,7436743,8278254,6749257,7388168,7629798,6375034,6173697,5837648,5195098,5533341,4809379,4381402,4834295,4995959,4512345,4657844,4947271.6,4840124.6,5140788.6,4651882,4394960,5017848
Middle East,PalmFruit,0,0,0,0,0,0,0,0,0,0,0,0,0,0,0,0,0,0,0,0,0,0,0,0,0,0,0,0,0,0,0,0,0,0,0,0,0,0,0,0,0,0,0,0,0,0,0,0,0,0
Middle East,Rice,306200,341218,356254,388600,427900,495918,447697,471694,472069,454656,454125,471206,498170,468135,492127,466268,467614,441126,440415,517710,513628,540787,478371,480721,531137,521249,596981,517728,591764,603487,668263,691059,698486,726398,740593,720349,684210,742963,717150,634331,614791,711000,644783,699453,735105,756312,740160,611671,590738,611491
Middle East,Root_Tuber,49671,51017,52734,54004,53871,54045,55431,58808,61147,63429,67054,70074,77248,82763,85663,101859,103187,102776,119924,140460,154149,166724,167690,166916,166092,203788,212608,173151,190569,222832,219750,245626,247238,246436,252161,261144,278323,290166,298594,294354,295477,311946,325205,326651.6,350772.7,321617,297900.3,336095,296640,292806
Middle East,SugarCrop,63475,64453,68790,85258,88981,134683,154219,168904,173619,193752,179235,179184,186949,200605,229240,234452,203946,185931,190799,201627,207450,239618,228705,209029,196464,226366,225786,181725,206518,206052,224112,268809,234429,271638,267719,206300,254338,253015,255535,228302,241218,271097,282582,245739,243398.9,287339.9,251377,147685,134645,198463
Middle East,Wheat,6532430,6871335,6233780,7013392,7860158,8107289,7794809,8386692,8069397,8558851,7778814,9199777,8687585,9648548,9503518,9278800,8262941,8895265,8257773,9163926,9087016,9016180,9073237,7975526,9853085,9438023,9510249,9688049,9130862,9844796,10806574,11178273,11594607,10956106,10361782,9974651,10148943,9972742,8330577,8630790,9135163,10340250,10693117,10733612.5,12165559,10265891,11231587.2,8772554,9813629,10508286
Middle East,Cotton_Fiber,0,0,0,0,0,0,0,0,0,0,0,0,0,0,0,0,0,0,0,0,0,0,0,0,0,0,0,0,0,0,0,0,0,0,0,0,0,0,0,0,0,0,0,0,0,0,0,0,0,0
Middle East,Cotton_Total,659005,732707,726544,728644,745956,666714,620210,693880,768051,653907,646233,676701,648815,676050,589463,572496,596854,552654,425398,350835,434693,446886,451550,481045,438305,418181,402190,432737,453851,438936,406072,419030,395345,430928,528634,599199,570710,608336,552296,573681,538211,444369,411004,452500,454424,385795,363294,332698,305964,307854
Southeast Asia,Corn,6448779,7169727,6594270,7836735,6972201,8349632,7289304,7907056,7401131,7986117,7943373,7338398,9130654,8677334,8796553,8338663,8604646,9494984,9171507,9401937,9810565,8623635,9979260,10237137,10056991,10710856,9894685,11225254,10627175,10805851,10153420,10601308,9654560,9919855,10147355,10244110,9708768,10051400,9770943,9630598,9425061,9137794,9542540,9755590,10061746,9751867,10277339,10898796,10910637,10815438
Southeast Asia,FiberCrop,1313575,1099886,1170991,1217797,1598869,1697721,1650538,1455313,1656684,1622293,1441162,1673198,1697948,1333144,1098437,1162683,1346185,1509763,1409879,1246788,1180020,1109333,1106770,1109580,1443555,1535296,1166224,852188,872470,875326,866441,862698,757113,815559,709236,774416,829969,681102,607500,655803,686833,658101,626076,604476,612481,624262,692015,656821,655435,710988
Southeast Asia,FodderGrass,0,0,0,0,0,0,0,0,0,0,0,0,0,0,0,0,0,0,0,0,0,0,0,0,0,0,0,0,0,0,0,0,0,0,0,0,0,0,0,0,0,0,0,0,0,0,0,0,0,0
Southeast Asia,FodderHerb,0,0,0,0,0,0,0,0,0,0,0,0,0,0,0,0,0,0,0,0,0,0,0,0,0,0,0,0,0,0,0,0,0,0,0,0,0,0,0,0,0,0,0,0,0,0,0,0,0,0
Southeast Asia,MiscCrop,8945054,9219028,9678264,9465047,9651656,9270403,9554090,9511693,9530107,9552692,9598240,10184354,10397660,10706132,10730322,11111976,11557498,11677224,12173941,12206519,12479580,12841546,12814418,13481620,13897671,13975227,13996291,13949275,14670263,14930872,15457747,15584280,15906510,16066381,16769684,17060310,17272686,17235223.15,17975075.15,19004889,19447268,20006229,20687386,20608387.27,21317807.1,21432505.6,22949242.25,22796990.3,23091934.26,22930373.81
Southeast Asia,OilCrop,3221228,3257491,3345536,3208233,3490247,3390274,3295556,3739123,3483090,3791246,4048466,3991027,3906710,4245914,4157783,4023645,4104763,4219090,4723917,4269075,4611852,4477184,4696716,4814335,5411449,5899944,5412938,5447126,5641127,5939753,5943602,6110750,6092177,5962180,6396195,6101265,5734874,5451807,5724971,5818441,5840301,5554634,5856894,6149437,6301448,6328418,6303098,6777869,6970622,6923180.94
Southeast Asia,OtherGrain,2305151,2321417,2199273,2459817,2450797,2437452,2484151,2267922,2182706,2362896,2311645,2164680,2420827,2284868,2348424,2280031,2375846,2322125,2209809,2055441,2303997,2027357,2386150,2360913,2297658,2151559,1756198,2050321,2115595,2070410,1873066,2105789,1916174,2207787,2064590,1925643,2297592,2291549,2076135,2021647,1963490,2047033,2330546,2064893,2093481,2140072,2137458,2061823,2095468,2084390.18
Southeast Asia,PalmFruit,3808281,3956979,4084108,4194114,4351621,4331255,4557309,4618427,4772155,4912010,5167522,5301371,5415922,5646407,5890785,6283030,6603957,6921558,7311973,7620959,7822672,7952504,8023882,8246044,8567095,8908072,8958270,9187392,9392616,9655562,9777918,9950585,10330890,10743867,10983360,11354748,11612253,11919934,12160356,12709537,13323388,13834639,14059487,14500669,15092172,15736972,16578638,17219908,17818792,17954989
Southeast Asia,Rice,33081187,34523582,34522281,35423939,35606518,36539745,36740841,37651713,38385123,37927186,37808543,36974619,39515085,39475485,41141333,40137483,41096620,42091672,41463992,42504715,43002611,41949467,41993042,43195904,43842424,43608050,42629641,43930619,44833802,43767770,43356885,44206360,44620425,44955003,46301810,46652771,46606746,46220857,49396166,49192747,48767411,48574329,49461968,49318178,50767332,51432783,52093571,54081341,55090661,55058579.6
Southeast Asia,Root_Tuber,2878161,3037092,3204681,3302566,3285789,3061266,3090312,3178222,3157067,3101957,3122754,3271416,3468744,3684819,3448247,3605339,3754957,3969971,3782792,4104350,4130036,3858523,3722329,4223629,4205786,3921082,4103748,4420223,4539679,4341938,4260644,4341272,4391653,4295432,4160269,4200429,4043500,3825197,4096637,4129306,4048994,3963468,4028669,4101778,4047826,4212970,4302400,4406165,4570993,4469332.6
Southeast Asia,SugarCrop,1086719,1174316,1281164,1288194,1417097,1479545,1524602,1410379,1509997,1637413,1754388,1681126,1686812,1952926,2058213,2190886,2409066,2495999,2330338,2192500,2320664,2702126,2632754,2561406,2561707,2417761,2360308,2476533,2641726,2729570,2930224,3114484,3239901,3128693,3272367,3329833,3244548,3293207,3366937,3264476,3202377,3331604,3534206,3517555,3323985,3231338,3438943,3687789,3379244,3179557
Southeast Asia,Wheat,7064753,7475637,7611904,7619813,7935115,7831310,7707898,8383640,8616622,8816926,8752658,9116187,8705861,8848898,8671803,9033470,9338203,9363559,9560953,9846630,10080588,10203599,10347533,10266961,10211049,10168797,10737819,10249397,10627298,10748298,10936686,10777194,11603361,11384108,11397977,11885259,11717180,12102659,11899483,12070528,11458618,11296630,11828888,11509936,12056085,12142676,12251572,11878625,12809752,12691749.12
Southeast Asia,Cotton_Fiber,0,0,0,0,0,0,0,0,0,0,0,0,0,0,0,0,0,0,0,0,0,0,0,0,0,0,0,0,0,0,0,0,0,0,0,0,0,0,0,0,0,0,0,0,0,0,0,0,0,0
Southeast Asia,Cotton_Total,1694632,1727916,1895340,1921677,1980888,1973579,2089910,2118590,2034083,1974529,2243234,2322473,2144676,2419570,2192900,2192413,2192414,2216647,2478796,2494088,2698676,2709942,2657456,2646243,2837306,2918730,2893484,2967621,2941000,2960620,3201343,3206588,3154619,2961444,3366101,3660211,3424698,3315558,3399626,3361438,3543595,3150603,3330479,3564344,3461226,3437581,3427718,3190842,3475557,3076533
USA,Corn,23684881,22895304,24263213,22708422,22741913,23418921,24901630,23012083,22420140,23512684,26267375,23586862,25466097,26803756,27736169,29282483,29298954,29413778,29613352,29841236,30495039,29684080,21073020,29346002,30689640,28127330,24333650,23826930,26476580,27371890,28146475,29455580,25744107,29645580,26676400,29682550,29693650,29661721,28810140,29599081,28110036,28325681,28979025,30057658,30656733,28831453,35258212,32037833,32419169,33198279
USA,FiberCrop,0,0,0,0,0,0,0,0,0,0,0,0,0,0,0,0,0,0,0,0,0,0,0,0,0,0,0,0,0,0,0,0,0,0,0,0,0,0,0,0,0,0,0,0,0,0,0,0,0,0
USA,FodderGrass,0,0,0,0,0,0,0,0,0,0,0,0,0,0,0,0,0,0,0,0,0,0,0,0,0,0,0,0,0,0,0,0,0,0,0,0,0,0,0,0,0,0,0,0,0,0,0,0,0,0
USA,FodderHerb,0,0,0,0,0,0,0,0,0,0,0,0,0,0,0,0,0,0,0,0,0,0,0,0,0,0,0,0,0,0,0,0,0,0,0,0,0,0,0,0,0,0,0,0,0,0,0,0,0,0
USA,MiscCrop,3777091,3801445,3701114,3647779,3634637,3687596,3628300,3653571,3670441,3619870,3562359,3567778,3615065,3772570,3815070,3761716,3705536,3876570,3743549,3941389,4072286,3871342,3504609,3630285,3660802,3570442,3672730,3521456,3722636,3911031,3831933,3706468,3769646,3881348,3953383,3920591,4022810,4047340,4101017,3905950,3728247,3905206,3744728,3722731.6,3941133.6,3932493,3874840.5,3830015,3949598,4164364
USA,OilCrop,12735636,13143496,13732402,14385266,15828249,16620570,17722132,18379335,18576768,19043418,18788441,20009323,24252826,22425367,23520671,21486462,25517690,27904053,31756522,29854460,29230140,30913920,27405000,29181530,27006710,25390370,24789217,24882850,25650560,24589750,25681820,25330460,25173750,26971200,27235420,27519860,30141833,31252485,32014215,31843486,32065736,31704940,31565078,31836810,31485360,32221109,27970954,32459956,32690745,33120449
USA,OtherGrain,20033550,19600000,19320200,17709000,17181764,17200592,16874575,17273377,17233391,17653658,17800165,15216674,16592579,14316609,15388727,14439045,15345658,14129198,12636990,11900640,13405150,13926479,12174100,14643000,15245000,13708700,11563404,9442800,11063000,9497800,9711002,10015679,8229299,8288655,7440410,8908866,7694985,6992285,6802930,6506447,6373783,5661601,6411357,5413057,4766391,4195508,5154205,5416405,4339949,3788890
USA,PalmFruit,2650,2500,1900,2100,1800,1700,1600,1900,1645,1700,1700,1700,1700,1500,1700,1700,1700,1700,1800,1700,1700,1500,1700,1500,1400,1300,1200,1200,1200,1080,950,895,820,850,890,980,1050,400,750,900,892,891,433,542,292,300,310,291,255,255
USA,Rice,643450,717450,717480,723500,726000,796636,797860,953024,862001,735073,736368,736368,878937,1024950,1141070,1004290,910830,1202610,1161720,1340960,1535230,1320750,878380,1134600,1010200,956700,944750,1174130,1087050,1142400,1125400,1267500,1146500,1341950,1251700,1134750,1255750,1318080,1421270,1229850,1341140,1297840,1212860,1345590,1361380,1141630,1112090,1204360,1255750,1462950
USA,Root_Tuber,688993,641777,619672,591309,643086,670358,662270,625792,639080,640463,621553,565766,585809,619920,565805,611859,602789,610406,564418,515076,551340,567613,552223,575150,600040,538480,564330,549202,558395,595080,592195,569392,568308,594285,590944,612759,579195,598207,574434,585708,533718,547390,544547,510962,476765,490093,495042,464507,463471,457006
USA,SugarCrop,753200,764160,860938,963865,867888,833280,820277,924705,922147,865393,869013,884602,848265,840591,978642,951646,846000,852400,784750,809667,832888,737310,760130,768770,780300,825500,860385,889980,889917,897046,941143,959764,969764,975483,964970,906658,957319,977034,1024560,977400,918801,966742,947015,908490,876074,890844,860532,757782,818449,822970
USA,Wheat,20870000,17680000,18415000,20138000,20056000,20077400,23614300,22162300,19079000,17629500,19297200,19142600,21912600,26453100,28124800,28702700,26986500,22863000,25274500,28783600,32635000,31540300,24843300,27085000,26184000,24559000,22646000,21525000,25167000,27965000,23392000,25398800,25378900,24997000,24685000,25414000,25414000,23878000,21781000,21474100,19616500,18544500,21474100,20222000,20276600,18939500,20638800,22540800,20191200,19270900
USA,Cotton_Fiber,0,0,0,0,0,0,0,0,0,0,0,0,0,0,0,0,0,0,0,0,0,0,0,0,0,0,0,0,0,0,0,0,0,0,0,0,0,0,0,0,0,0,0,0,0,0,0,0,0,0
USA,Cotton_Total,6327000,6300460,5751000,5688000,5508790,3865500,3236230,4111550,4472160,4514210,4642080,5254370,4844020,5077360,3559570,4416480,5372250,5018030,5192410,5347800,5601300,3939100,2973460,4200000,4139600,3427000,4059000,4835000,3860600,4748000,5245000,4510000,5173000,5391400,6478000,5125550,5425000,4323550,5432900,5282000,5596000,5025000,4857660,5284040,5585770,5152640,4244830,3062980,3046790,4329660
Western Europe,Corn,4077807,3826445,3973002,3881841,3737584,3812664,3862014,3912632,4142147,4528207,4609680,4785338,4771853,4714085,4730928,4098162,4401893,4572882,4829385,4553596,4376784,4510193,4458806,4592676,4786277,4731130,4575463,4862221,4677475,4226826,4606950,4559313,4540155,4380787,4388095,4780519,4947491,4784827,4678997,4838181,5163866,4965755,5037783,5186415,4898248,4469649,4462169,4855458,4624497,4549483
Western Europe,FiberCrop,177458,199903,200534,199051,154765,147521,113722,82326,88581,73751,80914,67170,57376,67217,72111,92577,90841,74471,73137,74844,67429,65704,61434,68140,78258,63944,70975,75821,80620,81449,68583,134701,99935,118856,149970,215522,241664,304073,427936,127274,127102,117152,137102,129020,122200,111151,110595,99211,85510,82789
Western Europe,FodderGrass,0,0,0,0,0,0,0,0,0,0,0,0,0,0,0,0,0,0,0,0,0,0,0,0,0,0,0,0,0,0,0,0,0,0,0,0,0,0,0,0,0,0,0,0,0,0,0,0,0,0
Western Europe,FodderHerb,422604,427690,413314,385817,377168,377982,366445,338595,326106,320690,312531,299707,279766,296730,277877,264433,256593,238052,230703,227388,229805,268079,302468,320139,333056,332394,359222,358476,370283,375901,358992,351802,353511,376117,469367,612539,546738,444042,442317,405326,409478,418326,433987,260766,259674,207681,163518,146060,181762,168167
Western Europe,MiscCrop,16326316,16264443,16390907,16232561,15914948,15771047,15690153,15350163,15171765,15179489,14735682,14773523,14660064,14682763,14614195,14657466,14614841,14713927,14583363,14539148,14328610,14718429.14,14653723.55,14619331,15432861,15559053,16284872,16387547,16285168,16231989,15766454.63,15529424.01,15241413.63,14813172.63,14606615.01,14601176.01,14596465,14684875,14399189.01,14183276,14107377,14196828,14201705,14058084.1,13921388.3,13250351.87,12867755,12426902,12758866,12603973
Western Europe,OilCrop,2646155,2695168,2691623,2817315,2801117,2881631,2944516,3006393,3060368,3312248,3642065,3801586,3941800,3986252,4362636,4096919,4060660,4126650,4118124,5732511,6799951,7199112,7612229,7978475,9425573,9935317,11219691,10812810,10838618,11642953.5,11359406.79,11685200.6,11920317.09,11915626.7,11548652,11247379.37,11529248.13,11950465.31,12441363.7,11521666.21,11457033.51,11233922.53,11580568,11495241,11515179,12030271.1,12225065.67,11961313.64,12594715.02,12388112.13
Western Europe,OtherGrain,25677995,25374595,25967876,25274704,25386866,25887141,26148130,26337049,26400297,26204370,26085977,25849523,26056026,26094581,26596441,26347370,26554973,26730094,26616857,26209592,25962421,25701582,24630363,25049312,25257991,24503200,23693080,23738348,23128191,22438265,21729332,20870348,19571319,19305911,19498273,20174111,20847269,20546892,19438068,19539885,19549002,19344784,18934254,18778863,18507644,18519592,18194196,18544106,18286661,16953911
Western Europe,PalmFruit,0,0,0,0,0,0,0,0,0,0,0,0,0,0,0,0,0,0,0,0,0,0,0,0,1000,1000,800,800,500,527,547,549,535,538,533,511,525,517,535,551,557,562,565,575,580,575,580,575,558,510
Western Europe,Rice,337202,348800,317726,311207,324155,336184,340829,339384,370800,382122,378479,369776,382978,375300,351375,349484,375317,392073,387048,355580,357027,376111,341801,371437,378232,387656,383728,399239,397827,421583,410083,404405,384126,417640,416790,484087,482440,466793,463673,459122,457432,458350,469174,491794,491053,497469,497626,496455,535921,556066
Western Europe,Root_Tuber,4793205,4765121,4748235,4387482,4102535,3948294,3919495,3765576,3482651,3545651,3373210,3188688,3167409,3107997,2890902,2993248,3029202,2836805,2714866,2635474,2508382,2495205,2473304,2478194,2467411,2344460,2310039,2242862,2218167,2107509,1887780,1940764,1736449,1703979,1783600,1776276,1656599,1565024,1645592,1577817,1508834,1497339,1445265,1458352,1371049,1369378,1366706,1324636,1333607,1299704
Western Europe,SugarCrop,1879447,1917945,1929912,2139258,2072656,1974139,2065303,2112079,2063737,2122935,2172017,2257329,2344450,2335010,2751562,2937591,2786216,2760721,2678541,2679524,3037598,2924317,2683647,2708389,2608157,2655713,2620037,2499529,2572654,2626894,2530373,2568936,2557775,2524532,2467561,2537143,2621586,2600280,2490056,2339779,2261099,2295353,2104672,2039303,2089182,1744144,1720862,1578557,1624974,1606141
Western Europe,Wheat,25982999,27562572,26361488,27246629,27497612,26384706,26364605,26942063,26657748,26330059,26497223,26362264,25358561,26315463,25443420,26530607,25019530,25905402,25685995,26163819,26348172,26488879,27025896,26816806,26221705,26770339,26881787,26385047,27093962,26938584,27133534,26974485,25708184,25844600,26190412,26464497,26826382,26815799,26605416,27546630,26201122,27456300,26355351,27433842,27105273,25558072,25024911,26182425,24808113,25837263
Western Europe,Cotton_Fiber,0,0,0,0,0,0,0,0,0,0,0,0,0,0,0,0,0,0,0,0,0,0,0,0,0,0,0,0,0,0,0,0,0,0,0,0,0,0,0,0,0,0,0,0,0,0,0,0,0,0
Western Europe,Cotton_Total,1207459,1307455,1141783,1033400,1033145,1090342,1007652,997838,953826,766481,911369,1060681,927333,1097848,875052,789915,1040555,859062,795930,879712,859203,783742,819190,1027369,959983,892660,885960,1135645,1067852,984200,912161,1020945,945763,992371,1192507,1238075,1239882,1270266,1259894,1157833,1179842,1189877,1106486,1103330,997452,1026101,958071,797530,708573,793339
